review,rating,date,bank,source
CBE ይለያል።,5,2025-11-29,CBE,Google Play
it's special for me,5,2025-11-29,CBE,Google Play
Make it user friendly.,2,2025-11-28,CBE,Google Play
maaliif daddafee install gaafata,3,2025-11-28,CBE,Google Play
good app,5,2025-11-28,CBE,Google Play
This application is very important and advantage for transfer of money and finance in the coutry and foriegn country.,5,2025-11-27,CBE,Google Play
why didn't work this app?,1,2025-11-27,CBE,Google Play
The app makes our life easier. Thank you CBE!,5,2025-11-27,CBE,Google Play
this app very bad 👎,1,2025-11-27,CBE,Google Play
the most advanced app. but how to stay safe?,5,2025-11-27,CBE,Google Play
Good application,4,2025-11-26,CBE,Google Play
It is nice app,5,2025-11-26,CBE,Google Play
best,5,2025-11-25,CBE,Google Play
"it suddenly asked me to enter the verification key I received. and it (*get your verification key from the nearest CBE Branch*) Now I'm in Australia, what do you expect me to do???! There is no nearest or furthermost cbe Branch!! SO FRUSTRATING! How can I manage my bank account now????",1,2025-11-25,CBE,Google Play
nice app...,5,2025-11-25,CBE,Google Play
very good banking service and fast service,5,2025-11-24,CBE,Google Play
thanks blc this app help me to use all time,5,2025-11-24,CBE,Google Play
good,5,2025-11-24,CBE,Google Play
why we can't send money to other people telebirr wallets??,1,2025-11-23,CBE,Google Play
አታፍሩም ግን ለ15 birr 11.50 ብር ስትቆርጡ ይስተካከልልን,1,2025-11-23,CBE,Google Play
በጣም ቀላልና ምቹ ነው።,5,2025-11-23,CBE,Google Play
wow,5,2025-11-23,CBE,Google Play
nice,5,2025-11-22,CBE,Google Play
you are the reason why i got ye chogara himem,1,2025-11-22,CBE,Google Play
it is so smart app i recommend it for everyone,5,2025-11-22,CBE,Google Play
excellent,5,2025-11-22,CBE,Google Play
ዳጊ,5,2025-11-21,CBE,Google Play
absolutely right,5,2025-11-21,CBE,Google Play
mid application it's so annoying,3,2025-11-20,CBE,Google Play
I used morethan one year,4,2025-11-20,CBE,Google Play
no word can explane about this app it is nice 👍👍👍👍👍,5,2025-11-20,CBE,Google Play
"It's great app,I love this app",5,2025-11-20,CBE,Google Play
Nice,5,2025-11-19,CBE,Google Play
suckkkks,1,2025-11-19,CBE,Google Play
not allowing to transfer and showing current statement updates.,1,2025-11-19,CBE,Google Play
I love you this app,5,2025-11-19,CBE,Google Play
"fast and convenient app, thanks for your dedication as a bank to provide good options to your cuatomers.",1,2025-11-18,CBE,Google Play
make life easy,5,2025-11-18,CBE,Google Play
securr,5,2025-11-18,CBE,Google Play
My most optional bank,5,2025-11-17,CBE,Google Play
5 star,5,2025-11-16,CBE,Google Play
it is fantastic app.,5,2025-11-16,CBE,Google Play
sifen,5,2025-11-16,CBE,Google Play
i like this√,4,2025-11-16,CBE,Google Play
Ok,3,2025-11-15,CBE,Google Play
ጥሩ App ነዉ ። የኔ የግል አስተያየት- Update ወይንም cache cleaning app ሲደረግ ለምንድነዉ ደግመን login ስናደርግ Restricted ሚያደርገዉ ቢስተካከል እንደ ሀሳብ ጥሩ ነዉ። በዛላይ ድጋሚ አክቲቬት ለማስደረግ ከፍለን ..,5,2025-11-15,CBE,Google Play
"Seriously, what’s going on with this app? The ""Pay to Beneficiary"" option is completely disabled for Android users, yet iOS users get full access without restrictions. Why are Android users being treated like second class customers? It’s the same app, the same service, but clearly not the same experience. This kind of platform bias is unacceptable, either give everyone the same features or be transparent about why you’re limiting functionality. Right now, it just feels unfair and frustrating.",1,2025-11-15,CBE,Google Play
Like,5,2025-11-13,CBE,Google Play
Nice and very useful app i like it!,5,2025-11-13,CBE,Google Play
🙏👍,5,2025-11-28,BOA,Google Play
Very Good,5,2025-11-28,BOA,Google Play
goof,5,2025-11-28,BOA,Google Play
good!,5,2025-11-28,BOA,Google Play
good jop,5,2025-11-27,BOA,Google Play
bad exprience...it is so crushed,1,2025-11-27,BOA,Google Play
not user friendly at all it requires a huge connectivity and also lags many times 😑😑😑,1,2025-11-26,BOA,Google Play
ምንም የማይ ሰራ,1,2025-11-26,BOA,Google Play
most of the time is not working properly,1,2025-11-24,BOA,Google Play
good service,5,2025-11-24,BOA,Google Play
not use for me,3,2025-11-23,BOA,Google Play
It keeps notifying me to disable developer options and quiet while I'm not enabled. always bring another type of problem with new updates.,1,2025-11-22,BOA,Google Play
waw,5,2025-11-20,BOA,Google Play
the lag is unbelievable when you need it the most this suks,1,2025-11-19,BOA,Google Play
I cant belive I could find the worst bank app ever .yet very simple to fix the problem and the company just ignored it. no body can do business with this kind of app.,1,2025-11-18,BOA,Google Play
it is a good app,5,2025-11-18,BOA,Google Play
it is not working at all,1,2025-11-15,BOA,Google Play
🥰🥰🥰🥰🥰 app is good but i was live in abroad and when i enter my otp code it didnt make me to write my code it the app want it self write thats not fair so please other wise i like it why,5,2025-11-15,BOA,Google Play
when trying to activate the app it keeps on loading on the security questions page. It has been two days,1,2025-11-13,BOA,Google Play
fast and simple,5,2025-11-10,BOA,Google Play
best of best,5,2025-11-10,BOA,Google Play
Worest Banking App Ever I seen. Fake App Bad Better to Leave,1,2025-11-10,BOA,Google Play
"I would like to share feedback regarding the application. It frequently experiences disruptions and does not function properly, often freezing or failing to load. This issue is affecting workflow and efficiency. Kindly review and address this problem to ensure smoother performance.",1,2025-11-08,BOA,Google Play
Meet you genuine.App I tried is not functional.Helping.welldoingwith BOA Ethiopia .fastandrelevant.morconnecting Digitalyworld.Digitalyworld. thanks.,5,2025-11-08,BOA,Google Play
"Barely works, it always fails to connect",1,2025-11-07,BOA,Google Play
my fav app,5,2025-11-06,BOA,Google Play
this app launch time is so long also has dozen bugs in addition it's has been long time get update,1,2025-11-05,BOA,Google Play
very nice,5,2025-11-04,BOA,Google Play
"Your application is very irritating to use, some functionality doesn't even work like on the card management. You need to do better than this and it good idea to reference other banking applications.",3,2025-11-04,BOA,Google Play
I like,5,2025-11-02,BOA,Google Play
ወይ አሻሽሉትና እንጠቀምበት ያለያ ብታጠፉት ይሻላል። በቃ ምንም ነገር አይሰራም መተግበሪያ አለን ብላችሁ እንዳታወሩ ለማንም የማይመከር ቀርፋፋና ተግባር የለሽ መተግበሪያ,1,2025-11-01,BOA,Google Play
i m sorry but it doesn't work for my android it is too slow but other bank are very fast please update,1,2025-10-30,BOA,Google Play
"the worst app ever,",1,2025-10-30,BOA,Google Play
better,5,2025-10-29,BOA,Google Play
"I kindly request that Bank of abyssinia address issues with its mobile app. It is very slow, has numerous problems, and frequently experiences downtime. The user experience is also poor. Thank you.",1,2025-10-28,BOA,Google Play
this app can't open? what is problem? please solve my problem?,1,2025-10-27,BOA,Google Play
kiyaa makonn,5,2025-10-27,BOA,Google Play
very very lazy app,1,2025-10-26,BOA,Google Play
telebirr remittance,5,2025-10-24,BOA,Google Play
The best bank in 🇪🇹,5,2025-10-23,BOA,Google Play
its good,5,2025-10-22,BOA,Google Play
the worst app in my financial experience.,1,2025-10-22,BOA,Google Play
good for mb appliciation,5,2025-10-21,BOA,Google Play
the worst bank ever. slow don't accept dual sim. they are very stupid and greedy,1,2025-10-20,BOA,Google Play
try to easy network,4,2025-10-17,BOA,Google Play
hussen hassen umer,5,2025-10-16,BOA,Google Play
"The app is not suitable and lacks a good UI design. As a large bank, you must update your app with a professional UI that is fast and appropriate.",2,2025-10-16,BOA,Google Play
an exceptional banking app.,5,2025-10-16,BOA,Google Play
alhamdulilah,5,2025-10-11,BOA,Google Play
poor,5,2025-10-10,BOA,Google Play
Best of best,5,2025-10-09,BOA,Google Play
very smart App easy to use and friendly,5,2025-11-29,Dashen,Google Play
Very exemplery App to other Bank Aps !,5,2025-11-28,Dashen,Google Play
It Is An Amazing app,4,2025-11-28,Dashen,Google Play
"its fast and easy to communicate to the app and its available all area keep it up.i will make Happy for this application thank you dashen bank for your effort,commitment and dedication. i appricated your work.",5,2025-11-26,Dashen,Google Play
What do you care about my phone's settings? Who are you to tell me what to turn off and on? It is my phone after all. This *develoler option* thing will cost you a lot of users who are willing to leave the bank once and for all. Turn this thing off. 6 you fear this is a security issue fix your side not mine.,1,2025-11-25,Dashen,Google Play
Exceptional Product.,5,2025-11-23,Dashen,Google Play
very easy app,3,2025-11-22,Dashen,Google Play
"The Dashen Super App is very impressive. It is fast, easy to use, and provides smooth access to all essential banking services. Money transfer, bill payment, balance check, and other features work efficiently without issues. The design is clean and user-friendly. Great step forward in digital banking — keep up the good work, Dashen Bank!..",5,2025-11-19,Dashen,Google Play
በጣም ፈጣን ሥቹ አስተማማኝ ወድጃዋለው,5,2025-11-18,Dashen,Google Play
bill payment options are limited in this app please add ethio telecom bill electric bill etc.. instead of adding nonsense in banking app,1,2025-11-18,Dashen,Google Play
"it's a really slow app, I'm not sure what the issue is. Even other bank transfers are not working",2,2025-11-18,Dashen,Google Play
always updating bad stability,1,2025-11-17,Dashen,Google Play
"it say's disable developer option, i disabled it but its not working still",1,2025-11-17,Dashen,Google Play
with the super app evry thing i need is just a tap away,5,2025-11-16,Dashen,Google Play
eyita tips,1,2025-11-15,Dashen,Google Play
clear and presize,5,2025-11-15,Dashen,Google Play
smooth and easy!!!,5,2025-11-14,Dashen,Google Play
I have had an amazing experience with this app;ot os convenient and easy to use,5,2025-11-14,Dashen,Google Play
"All in One Super App with smooth navigation, transaction and lifestyle services",5,2025-11-14,Dashen,Google Play
Very nice App.,5,2025-11-14,Dashen,Google Play
system failure transfer to others account,2,2025-11-13,Dashen,Google Play
"Only the UI/UX is good, but it doesn't function properly. It's a shame that a leading tech bank has such an app. Amole is far better.",1,2025-11-13,Dashen,Google Play
"excellent app. to use perfectlly to pay,transfer,tele airtime and so on.",5,2025-11-12,Dashen,Google Play
wow dashen bank super app,5,2025-11-12,Dashen,Google Play
"This so-called “Super App” is a complete disappointment. It’s confusing, slow, and full of glitches honestly, it feels like it was designed to test people’s patience, not to help them bank. Calling it “super” is a joke; it’s one of the most useless apps I’ve ever used.",1,2025-11-11,Dashen,Google Play
Best Mobile Banking App in Ethiopia .,5,2025-11-11,Dashen,Google Play
very nice app I have ever seen,5,2025-11-10,Dashen,Google Play
NASTY BANK . EVEN THE SUPPER APP IS NOT WORKING WELL. WHEN I AM CALLING THEM THEY ARE NOT RESPONSE . PLEASE DON'T USE THIS APP BECAUSE YOU WILL LOSS YOU TIME ;ENERGY AND EVERYTHING . HOPELESS Bank .,1,2025-11-10,Dashen,Google Play
it's good but is not fast,5,2025-11-09,Dashen,Google Play
your financial system must improved,4,2025-11-09,Dashen,Google Play
your service is too good,5,2025-11-08,Dashen,Google Play
good experience,5,2025-11-08,Dashen,Google Play
"Amazing app, 👏",5,2025-11-07,Dashen,Google Play
wooow,5,2025-11-07,Dashen,Google Play
Nice app,5,2025-11-07,Dashen,Google Play
"easy to use, friendly",5,2025-11-06,Dashen,Google Play
"12yr more LC, UCP & ICC & loan",5,2025-11-06,Dashen,Google Play
"not attractive and friendly app. Check Awash, CBE apps",1,2025-11-06,Dashen,Google Play
amzing,5,2025-11-06,Dashen,Google Play
"The Dashen Super App is very impressive. It is fast, easy to use, and provides smooth access to all essential banking services. Money transfer, bill payment, balance check, and other features work efficiently without issues. The design is clean and user-friendly. Great step forward in digital banking — keep up the good work, Dashen Bank!",5,2025-11-05,Dashen,Google Play
betam kerfafa naw,1,2025-11-05,Dashen,Google Play
worst app ever,1,2025-11-05,Dashen,Google Play
"Dashen, always two step ahead.",5,2025-11-05,Dashen,Google Play
"Please try to fix the barrier between other banks specially with ""Commercial bank of Ethiopia""",3,2025-11-05,Dashen,Google Play
i am using,5,2025-11-05,Dashen,Google Play
It is a wonderful App developed by a local talent. It deserves an appreciation. It will continue to evolve with new exciting features.,5,2025-11-05,Dashen,Google Play
wonderful app,5,2025-11-05,Dashen,Google Play
"i love the app it features are perfect, but it asks to update too many times to activate your need to visit a nearest branch and that takes time. other than that the app is great I like it",5,2025-11-04,Dashen,Google Play
go ahead,5,2025-11-04,Dashen,Google Play
its supper,5,2025-11-04,Dashen,Google Play